INSERT INTO Restrictions VALUES
('11111111', true, true, true, true, true, true, true, true),
('11111110', true, true, true, true, true, true, true, false),
('11111101', true, true, true, true, true, true, false, true),
('11111100', true, true, true, true, true, true, false, false),
('11111011', true, true, true, true, true, false, true, true),
('11111010', true, true, true, true, true, false, true, false),
('11111001', true, true, true, true, true, false, false, true),
('11111000', true, true, true, true, true, false, false, false),
('11110111', true, true, true, true, false, true, true, true),
('11110110', true, true, true, true, false, true, true, false),
('11110101', true, true, true, true, false, true, false, true),
('11110100', true, true, true, true, false, true, false, false),
('11110011', true, true, true, true, false, false, true, true),
('11110010', true, true, true, true, false, false, true, false),
('11110001', true, true, true, true, false, false, false, true),
('11110000', true, true, true, true, false, false, false, false),
('11101111', true, true, true, false, true, true, true, true),
('11101110', true, true, true, false, true, true, true, false),
('11101101', true, true, true, false, true, true, false, true),
('11101100', true, true, true, false, true, true, false, false),
('11101011', true, true, true, false, true, false, true, true),
('11101010', true, true, true, false, true, false, true, false),
('11101001', true, true, true, false, true, false, false, true),
('11101000', true, true, true, false, true, false, false, false),
('11100111', true, true, true, false, false, true, true, true),
('11100110', true, true, true, false, false, true, true, false),
('11100101', true, true, true, false, false, true, false, true),
('11100100', true, true, true, false, false, true, false, false),
('11100011', true, true, true, false, false, false, true, true),
('11100010', true, true, true, false, false, false, true, false),
('11100001', true, true, true, false, false, false, false, true),
('11100000', true, true, true, false, false, false, false, false),
('11011111', true, true, false, true, true, true, true, true),
('11011110', true, true, false, true, true, true, true, false),
('11011101', true, true, false, true, true, true, false, true),
('11011100', true, true, false, true, true, true, false, false),
('11011011', true, true, false, true, true, false, true, true),
('11011010', true, true, false, true, true, false, true, false),
('11011001', true, true, false, true, true, false, false, true),
('11011000', true, true, false, true, true, false, false, false),
('11010111', true, true, false, true, false, true, true, true),
('11010110', true, true, false, true, false, true, true, false),
('11010101', true, true, false, true, false, true, false, true),
('11010100', true, true, false, true, false, true, false, false),
('11010011', true, true, false, true, false, false, true, true),
('11010010', true, true, false, true, false, false, true, false),
('11010001', true, true, false, true, false, false, false, true),
('11010000', true, true, false, true, false, false, false, false),
('11001111', true, true, false, false, true, true, true, true),
('11001110', true, true, false, false, true, true, true, false),
('11001101', true, true, false, false, true, true, false, true),
('11001100', true, true, false, false, true, true, false, false),
('11001011', true, true, false, false, true, false, true, true),
('11001010', true, true, false, false, true, false, true, false),
('11001001', true, true, false, false, true, false, false, true),
('11001000', true, true, false, false, true, false, false, false),
('11000111', true, true, false, false, false, true, true, true),
('11000110', true, true, false, false, false, true, true, false),
('11000101', true, true, false, false, false, true, false, true),
('11000100', true, true, false, false, false, true, false, false),
('11000011', true, true, false, false, false, false, true, true),
('11000010', true, true, false, false, false, false, true, false),
('11000001', true, true, false, false, false, false, false, true),
('11000000', true, true, false, false, false, false, false, false),
('10111111', true, false, true, true, true, true, true, true),
('10111110', true, false, true, true, true, true, true, false),
('10111101', true, false, true, true, true, true, false, true),
('10111100', true, false, true, true, true, true, false, false),
('10111011', true, false, true, true, true, false, true, true),
('10111010', true, false, true, true, true, false, true, false),
('10111001', true, false, true, true, true, false, false, true),
('10111000', true, false, true, true, true, false, false, false),
('10110111', true, false, true, true, false, true, true, true),
('10110110', true, false, true, true, false, true, true, false),
('10110101', true, false, true, true, false, true, false, true),
('10110100', true, false, true, true, false, true, false, false),
('10110011', true, false, true, true, false, false, true, true),
('10110010', true, false, true, true, false, false, true, false),
('10110001', true, false, true, true, false, false, false, true),
('10110000', true, false, true, true, false, false, false, false),
('10101111', true, false, true, false, true, true, true, true),
('10101110', true, false, true, false, true, true, true, false),
('10101101', true, false, true, false, true, true, false, true),
('10101100', true, false, true, false, true, true, false, false),
('10101011', true, false, true, false, true, false, true, true),
('10101010', true, false, true, false, true, false, true, false),
('10101001', true, false, true, false, true, false, false, true),
('10101000', true, false, true, false, true, false, false, false),
('10100111', true, false, true, false, false, true, true, true),
('10100110', true, false, true, false, false, true, true, false),
('10100101', true, false, true, false, false, true, false, true),
('10100100', true, false, true, false, false, true, false, false),
('10100011', true, false, true, false, false, false, true, true),
('10100010', true, false, true, false, false, false, true, false),
('10100001', true, false, true, false, false, false, false, true),
('10100000', true, false, true, false, false, false, false, false),
('10011111', true, false, false, true, true, true, true, true),
('10011110', true, false, false, true, true, true, true, false),
('10011101', true, false, false, true, true, true, false, true),
('10011100', true, false, false, true, true, true, false, false),
('10011011', true, false, false, true, true, false, true, true),
('10011010', true, false, false, true, true, false, true, false),
('10011001', true, false, false, true, true, false, false, true),
('10011000', true, false, false, true, true, false, false, false),
('10010111', true, false, false, true, false, true, true, true),
('10010110', true, false, false, true, false, true, true, false),
('10010101', true, false, false, true, false, true, false, true),
('10010100', true, false, false, true, false, true, false, false),
('10010011', true, false, false, true, false, false, true, true),
('10010010', true, false, false, true, false, false, true, false),
('10010001', true, false, false, true, false, false, false, true),
('10010000', true, false, false, true, false, false, false, false),
('10001111', true, false, false, false, true, true, true, true),
('10001110', true, false, false, false, true, true, true, false),
('10001101', true, false, false, false, true, true, false, true),
('10001100', true, false, false, false, true, true, false, false),
('10001011', true, false, false, false, true, false, true, true),
('10001010', true, false, false, false, true, false, true, false),
('10001001', true, false, false, false, true, false, false, true),
('10001000', true, false, false, false, true, false, false, false),
('10000111', true, false, false, false, false, true, true, true),
('10000110', true, false, false, false, false, true, true, false),
('10000101', true, false, false, false, false, true, false, true),
('10000100', true, false, false, false, false, true, false, false),
('10000011', true, false, false, false, false, false, true, true),
('10000010', true, false, false, false, false, false, true, false),
('10000001', true, false, false, false, false, false, false, true),
('10000000', true, false, false, false, false, false, false, false),
('01111111', false, true, true, true, true, true, true, true),
('01111110', false, true, true, true, true, true, true, false),
('01111101', false, true, true, true, true, true, false, true),
('01111100', false, true, true, true, true, true, false, false),
('01111011', false, true, true, true, true, false, true, true),
('01111010', false, true, true, true, true, false, true, false),
('01111001', false, true, true, true, true, false, false, true),
('01111000', false, true, true, true, true, false, false, false),
('01110111', false, true, true, true, false, true, true, true),
('01110110', false, true, true, true, false, true, true, false),
('01110101', false, true, true, true, false, true, false, true),
('01110100', false, true, true, true, false, true, false, false),
('01110011', false, true, true, true, false, false, true, true),
('01110010', false, true, true, true, false, false, true, false),
('01110001', false, true, true, true, false, false, false, true),
('01110000', false, true, true, true, false, false, false, false),
('01101111', false, true, true, false, true, true, true, true),
('01101110', false, true, true, false, true, true, true, false),
('01101101', false, true, true, false, true, true, false, true),
('01101100', false, true, true, false, true, true, false, false),
('01101011', false, true, true, false, true, false, true, true),
('01101010', false, true, true, false, true, false, true, false),
('01101001', false, true, true, false, true, false, false, true),
('01101000', false, true, true, false, true, false, false, false),
('01100111', false, true, true, false, false, true, true, true),
('01100110', false, true, true, false, false, true, true, false),
('01100101', false, true, true, false, false, true, false, true),
('01100100', false, true, true, false, false, true, false, false),
('01100011', false, true, true, false, false, false, true, true),
('01100010', false, true, true, false, false, false, true, false),
('01100001', false, true, true, false, false, false, false, true),
('01100000', false, true, true, false, false, false, false, false),
('01011111', false, true, false, true, true, true, true, true),
('01011110', false, true, false, true, true, true, true, false),
('01011101', false, true, false, true, true, true, false, true),
('01011100', false, true, false, true, true, true, false, false),
('01011011', false, true, false, true, true, false, true, true),
('01011010', false, true, false, true, true, false, true, false),
('01011001', false, true, false, true, true, false, false, true),
('01011000', false, true, false, true, true, false, false, false),
('01010111', false, true, false, true, false, true, true, true),
('01010110', false, true, false, true, false, true, true, false),
('01010101', false, true, false, true, false, true, false, true),
('01010100', false, true, false, true, false, true, false, false),
('01010011', false, true, false, true, false, false, true, true),
('01010010', false, true, false, true, false, false, true, false),
('01010001', false, true, false, true, false, false, false, true),
('01010000', false, true, false, true, false, false, false, false),
('01001111', false, true, false, false, true, true, true, true),
('01001110', false, true, false, false, true, true, true, false),
('01001101', false, true, false, false, true, true, false, true),
('01001100', false, true, false, false, true, true, false, false),
('01001011', false, true, false, false, true, false, true, true),
('01001010', false, true, false, false, true, false, true, false),
('01001001', false, true, false, false, true, false, false, true),
('01001000', false, true, false, false, true, false, false, false),
('01000111', false, true, false, false, false, true, true, true),
('01000110', false, true, false, false, false, true, true, false),
('01000101', false, true, false, false, false, true, false, true),
('01000100', false, true, false, false, false, true, false, false),
('01000011', false, true, false, false, false, false, true, true),
('01000010', false, true, false, false, false, false, true, false),
('01000001', false, true, false, false, false, false, false, true),
('01000000', false, true, false, false, false, false, false, false),
('00111111', false, false, true, true, true, true, true, true),
('00111110', false, false, true, true, true, true, true, false),
('00111101', false, false, true, true, true, true, false, true),
('00111100', false, false, true, true, true, true, false, false),
('00111011', false, false, true, true, true, false, true, true),
('00111010', false, false, true, true, true, false, true, false),
('00111001', false, false, true, true, true, false, false, true),
('00111000', false, false, true, true, true, false, false, false),
('00110111', false, false, true, true, false, true, true, true),
('00110110', false, false, true, true, false, true, true, false),
('00110101', false, false, true, true, false, true, false, true),
('00110100', false, false, true, true, false, true, false, false),
('00110011', false, false, true, true, false, false, true, true),
('00110010', false, false, true, true, false, false, true, false),
('00110001', false, false, true, true, false, false, false, true),
('00110000', false, false, true, true, false, false, false, false),
('00101111', false, false, true, false, true, true, true, true),
('00101110', false, false, true, false, true, true, true, false),
('00101101', false, false, true, false, true, true, false, true),
('00101100', false, false, true, false, true, true, false, false),
('00101011', false, false, true, false, true, false, true, true),
('00101010', false, false, true, false, true, false, true, false),
('00101001', false, false, true, false, true, false, false, true),
('00101000', false, false, true, false, true, false, false, false),
('00100111', false, false, true, false, false, true, true, true),
('00100110', false, false, true, false, false, true, true, false),
('00100101', false, false, true, false, false, true, false, true),
('00100100', false, false, true, false, false, true, false, false),
('00100011', false, false, true, false, false, false, true, true),
('00100010', false, false, true, false, false, false, true, false),
('00100001', false, false, true, false, false, false, false, true),
('00100000', false, false, true, false, false, false, false, false),
('00011111', false, false, false, true, true, true, true, true),
('00011110', false, false, false, true, true, true, true, false),
('00011101', false, false, false, true, true, true, false, true),
('00011100', false, false, false, true, true, true, false, false),
('00011011', false, false, false, true, true, false, true, true),
('00011010', false, false, false, true, true, false, true, false),
('00011001', false, false, false, true, true, false, false, true),
('00011000', false, false, false, true, true, false, false, false),
('00010111', false, false, false, true, false, true, true, true),
('00010110', false, false, false, true, false, true, true, false),
('00010101', false, false, false, true, false, true, false, true),
('00010100', false, false, false, true, false, true, false, false),
('00010011', false, false, false, true, false, false, true, true),
('00010010', false, false, false, true, false, false, true, false),
('00010001', false, false, false, true, false, false, false, true),
('00010000', false, false, false, true, false, false, false, false),
('00001111', false, false, false, false, true, true, true, true),
('00001110', false, false, false, false, true, true, true, false),
('00001101', false, false, false, false, true, true, false, true),
('00001100', false, false, false, false, true, true, false, false),
('00001011', false, false, false, false, true, false, true, true),
('00001010', false, false, false, false, true, false, true, false),
('00001001', false, false, false, false, true, false, false, true),
('00001000', false, false, false, false, true, false, false, false),
('00000111', false, false, false, false, false, true, true, true),
('00000110', false, false, false, false, false, true, true, false),
('00000101', false, false, false, false, false, true, false, true),
('00000100', false, false, false, false, false, true, false, false),
('00000011', false, false, false, false, false, false, true, true),
('00000010', false, false, false, false, false, false, true, false),
('00000001', false, false, false, false, false, false, false, true),
('00000000', false, false, false, false, false, false, false, false);

INSERT INTO Conditions VALUES
('11111', true, true, true, true, true),
('11110', true, true, true, true, false),
('11101', true, true, true, false, true),
('11100', true, true, true, false, false),
('11011', true, true, false, true, true),
('11010', true, true, false, true, false),
('11001', true, true, false, false, true),
('11000', true, true, false, false, false),
('10111', true, false, true, true, true),
('10110', true, false, true, true, false),
('10101', true, false, true, false, true),
('10100', true, false, true, false, false),
('10011', true, false, false, true, true),
('10010', true, false, false, true, false),
('10001', true, false, false, false, true),
('10000', true, false, false, false, false),
('01111', false, true, true, true, true),
('01110', false, true, true, true, false),
('01101', false, true, true, false, true),
('01100', false, true, true, false, false),
('01011', false, true, false, true, true),
('01010', false, true, false, true, false),
('01001', false, true, false, false, true),
('01000', false, true, false, false, false),
('00111', false, false, true, true, true),
('00110', false, false, true, true, false),
('00101', false, false, true, false, true),
('00100', false, false, true, false, false),
('00011', false, false, false, true, true),
('00010', false, false, false, true, false),
('00001', false, false, false, false, true),
('00000', false, false, false, false, false);

INSERT INTO ResAndConds VALUES
('123-45-123123', '10010000', '00000'),
('123-45-123124', '10001000', '01010'),
('123-45-123125', '10001001', '11110');

INSERT INTO BodyType VALUES
(175, 90.7, 'Heavy'),
(175, 65.3, 'Medium'),
(162.5, 47.1, 'Light');

INSERT INTO PersonalDetails VALUES
(1, 'B+', 'Black', 'Brown', 'Light', 175, 90.7, false),
(2, 'AB+', 'Gray', 'Black', 'Dark', 175, 65.3, true),
(3, 'O-', 'Blonde', 'Gray', 'Fair', 162.5, 47.1, false);


INSERT INTO FamilyRelations VALUES
('123456789321', 1, 'Edward Lim', 'Marilou Lim', 'Gal Gadot Lim'),
('123456789322', 2, 'Mannix Bata', 'Heidi Bata', 'Bea John Legend Bata'),
('123456789323', 3, 'Nixon Co', 'Maribel Co', 'John Michael Jackson Co');


INSERT INTO Nationality VALUES 
('Quezon City', 'Filipino'),
('Manila', 'Filipino'),
('California', 'USA');


INSERT INTO PersonInformation VALUES 
('123456789321', 'Lance Andrew Bata Lim', '15 Palm Drive, The Bellevue, Barangay Apolonio Samson, Quezon City','M', '1999-07-19', '3676785', 'Quezon City'),
('123456789322', 'Hans Martin Lee Bata', '17 Palm Drive, The Bellevue, Barangay Apolonio Samson, Quezon City','M', '2002-05-03', '87000', 'Manila'),
('123456789323', 'Samantha Nicolle Bata Co', '14 Whitefield, White Plains, Quezon City','F', '2001-12-05', '98888', 'California');


INSERT INTO Businesses VALUES 
('Jollibee', '87000', '14 Xavier Street, Greenhills, San Juan'),
('McDonalds', '86236', '5 P. Velasquez Street, UP Diliman, Quezon City'),
('Chowking', '98888', '7 Whoa Street, Barangay Luhmao, Manila');


INSERT INTO CivilStatus VALUES
('Hans Martin Lee Bata', 'Bea John Legend Bata', 'Married'),
('Samantha Nicolle Bata Co', 'John Michael Jackson Co', 'Separated'),
('Lance Andrew Bata Lim', 'Gal Gadot Lim', 'Widow');

INSERT INTO DLAF VALUES 
(1, 1, '123456789321', '123-45-123123', 'Renewal', 'Non-Professional', 'Driving School', 'High School', null, null),
(2, 2, '123456789322', '123-45-123124', 'New', 'Student Permit', 'Licensed Private Person', 'Elementary', 'McDonalds', null),
(3, 3, '123456789323', '123-45-123125', 'New', 'Non-Professional', 'Driving School', 'High School', 'Jollibee', 'Sam Smith');